Region,CountryName,Year,Series,Value
2,Africa,2005,Population mid-year estimates (millions),916.1543
2,Africa,2010,Population mid-year estimates (millions),1039.304
2,Africa,2017,Population mid-year estimates (millions),1244.2223
2,Africa,2017,Surface area (thousand km2),30311
2,Africa,2019,Population mid-year estimates (millions),1308.0642
15,Northern Africa,2005,Population mid-year estimates (millions),186.4213
15,Northern Africa,2010,Population mid-year estimates (millions),202.9403
15,Northern Africa,2017,Population mid-year estimates (millions),232.7932
15,Northern Africa,2017,Surface area (thousand km2),7880
15,Northern Africa,2019,Population mid-year estimates (millions),241.7808
202,Sub-Saharan Africa,2005,Population mid-year estimates (millions),729.733
202,Sub-Saharan Africa,2010,Population mid-year estimates (millions),836.3638
202,Sub-Saharan Africa,2017,Population mid-year estimates (millions),1011.4291
202,Sub-Saharan Africa,2017,Surface area (thousand km2),22431
202,Sub-Saharan Africa,2019,Population mid-year estimates (millions),1066.2834
14,Eastern Africa,2005,Population mid-year estimates (millions),295.1854
14,Eastern Africa,2010,Population mid-year estimates (millions),339.3178
14,Eastern Africa,2017,Population mid-year estimates (millions),411.3967
14,Eastern Africa,2017,Surface area (thousand km2),7005
14,Eastern Africa,2019,Population mid-year estimates (millions),433.9049
17,Middle Africa,2005,Population mid-year estimates (millions),112.0083
17,Middle Africa,2010,Population mid-year estimates (millions),131.6221
17,Middle Africa,2017,Population mid-year estimates (millions),164.039
17,Middle Africa,2017,Surface area (thousand km2),6613
17,Middle Africa,2019,Population mid-year estimates (millions),174.3084
18,Southern Africa,2005,Population mid-year estimates (millions),54.6447
18,Southern Africa,2010,Population mid-year estimates (millions),58.3834
18,Southern Africa,2017,Population mid-year estimates (millions),64.8338
18,Southern Africa,2017,Surface area (thousand km2),2675
18,Southern Africa,2019,Population mid-year estimates (millions),66.6299
11,Western Africa,2005,Population mid-year estimates (millions),267.8946
11,Western Africa,2010,Population mid-year estimates (millions),307.0404
11,Western Africa,2017,Population mid-year estimates (millions),371.1595
11,Western Africa,2017,Surface area (thousand km2),6138
11,Western Africa,2019,Population mid-year estimates (millions),391.4402
19,Americas,2005,Population mid-year estimates (millions),884.7882
19,Americas,2010,Population mid-year estimates (millions),934.6398
19,Americas,2017,Population mid-year estimates (millions),998.1754
19,Americas,2017,Surface area (thousand km2),42322
19,Americas,2019,Population mid-year estimates (millions),1014.7219
21,Northern America,2005,Population mid-year estimates (millions),327.2872
21,Northern America,2010,Population mid-year estimates (millions),343.2874
21,Northern America,2017,Population mid-year estimates (millions),361.9423
21,Northern America,2017,Surface area (thousand km2),21776
21,Northern America,2019,Population mid-year estimates (millions),366.601
419,Latin America & the Caribbean,2005,Population mid-year estimates (millions),557.501
419,Latin America & the Caribbean,2010,Population mid-year estimates (millions),591.3524
419,Latin America & the Caribbean,2017,Population mid-year estimates (millions),636.2331
419,Latin America & the Caribbean,2017,Surface area (thousand km2),20546
419,Latin America & the Caribbean,2019,Population mid-year estimates (millions),648.121
29,Caribbean,2005,Population mid-year estimates (millions),39.7458
29,Caribbean,2010,Population mid-year estimates (millions),41.2174
29,Caribbean,2017,Population mid-year estimates (millions),43.0024
29,Caribbean,2017,Surface area (thousand km2),234
29,Caribbean,2019,Population mid-year estimates (millions),43.335
13,Central America,2005,Population mid-year estimates (millions),145.9505
13,Central America,2010,Population mid-year estimates (millions),157.5913
13,Central America,2017,Population mid-year estimates (millions),173.3268
13,Central America,2017,Surface area (thousand km2),2480
13,Central America,2019,Population mid-year estimates (millions),177.5865
5,South America,2005,Population mid-year estimates (millions),371.8047
5,South America,2010,Population mid-year estimates (millions),392.5437
5,South America,2017,Population mid-year estimates (millions),419.9039
5,South America,2017,Surface area (thousand km2),17832
5,South America,2019,Population mid-year estimates (millions),427.1994
142,Asia,2005,Population mid-year estimates (millions),3977.9865
142,Asia,2010,Population mid-year estimates (millions),4209.5937
142,Asia,2017,Population mid-year estimates (millions),4519.04
142,Asia,2017,Surface area (thousand km2),31915
142,Asia,2019,Population mid-year estimates (millions),4601.3712
143,Central Asia,2005,Population mid-year estimates (millions),58.4499
143,Central Asia,2010,Population mid-year estimates (millions),62.8051
143,Central Asia,2017,Population mid-year estimates (millions),70.8675
143,Central Asia,2017,Surface area (thousand km2),4103
143,Central Asia,2019,Population mid-year estimates (millions),73.2121
30,Eastern Asia,2005,Population mid-year estimates (millions),1564.1923
30,Eastern Asia,2010,Population mid-year estimates (millions),1604.8594
30,Eastern Asia,2017,Population mid-year estimates (millions),1659.768
30,Eastern Asia,2017,Surface area (thousand km2),11799
30,Eastern Asia,2019,Population mid-year estimates (millions),1672.6111
62,South-central Asia,2005,Population mid-year estimates (millions),1647.0738
62,South-central Asia,2010,Population mid-year estimates (millions),1775.3605
62,South-central Asia,2017,Population mid-year estimates (millions),1944.1086
62,South-central Asia,2017,Surface area (thousand km2),10791
62,South-central Asia,2019,Population mid-year estimates (millions),1991.4235
35,South-eastern Asia,2005,Population mid-year estimates (millions),561.1561
35,South-eastern Asia,2010,Population mid-year estimates (millions),596.9472
35,South-eastern Asia,2017,Population mid-year estimates (millions),648.4597
35,South-eastern Asia,2017,Surface area (thousand km2),4495
35,South-eastern Asia,2019,Population mid-year estimates (millions),662.0118
34,Southern Asia,2005,Population mid-year estimates (millions),1588.6239
34,Southern Asia,2010,Population mid-year estimates (millions),1712.5555
34,Southern Asia,2017,Population mid-year estimates (millions),1873.2411
34,Southern Asia,2017,Surface area (thousand km2),6688
34,Southern Asia,2019,Population mid-year estimates (millions),1918.2114
145,Western Asia,2005,Population mid-year estimates (millions),205.5643
145,Western Asia,2010,Population mid-year estimates (millions),232.4265
145,Western Asia,2017,Population mid-year estimates (millions),266.7037
145,Western Asia,2017,Surface area (thousand km2),4831
145,Western Asia,2019,Population mid-year estimates (millions),275.3248
150,Europe,2005,Population mid-year estimates (millions),729.2878
150,Europe,2010,Population mid-year estimates (millions),736.413
150,Europe,2017,Population mid-year estimates (millions),745.4147
150,Europe,2017,Surface area (thousand km2),23049
150,Europe,2019,Population mid-year estimates (millions),747.1828
151,Eastern Europe,2005,Population mid-year estimates (millions),297.5005
151,Eastern Europe,2010,Population mid-year estimates (millions),294.8729
151,Eastern Europe,2017,Population mid-year estimates (millions),294.0561
151,Eastern Europe,2017,Surface area (thousand km2),18814
151,Eastern Europe,2019,Population mid-year estimates (millions),293.4449
154,Northern Europe,2005,Population mid-year estimates (millions),96.3074
154,Northern Europe,2010,Population mid-year estimates (millions),100.3983
154,Northern Europe,2017,Population mid-year estimates (millions),104.6765
154,Northern Europe,2017,Surface area (thousand km2),1810
154,Northern Europe,2019,Population mid-year estimates (millions),105.7685
39,Southern Europe,2005,Population mid-year estimates (millions),149.6761
39,Southern Europe,2010,Population mid-year estimates (millions),153.0155
39,Southern Europe,2017,Population mid-year estimates (millions),152.7964
39,Southern Europe,2017,Surface area (thousand km2),1317
39,Southern Europe,2019,Population mid-year estimates (millions),152.4469
155,Western Europe,2005,Population mid-year estimates (millions),185.8038
155,Western Europe,2010,Population mid-year estimates (millions),188.1263
155,Western Europe,2017,Population mid-year estimates (millions),193.8858
155,Western Europe,2017,Surface area (thousand km2),1108
155,Western Europe,2019,Population mid-year estimates (millions),195.5224
9,Oceania,2005,Population mid-year estimates (millions),33.6902
9,Oceania,2010,Population mid-year estimates (millions),36.8731
9,Oceania,2017,Population mid-year estimates (millions),41.0065
9,Oceania,2017,Surface area (thousand km2),8564
9,Oceania,2019,Population mid-year estimates (millions),42.128
53,Australia and New Zealand,2005,Population mid-year estimates (millions),24.3139
53,Australia and New Zealand,2010,Population mid-year estimates (millions),26.5247
53,Australia and New Zealand,2017,Population mid-year estimates (millions),29.2867
53,Australia and New Zealand,2017,Surface area (thousand km2),8012
53,Australia and New Zealand,2019,Population mid-year estimates (millions),29.9863
54,Melanesia,2005,Population mid-year estimates (millions),8.2321
54,Melanesia,2010,Population mid-year estimates (millions),9.1879
54,Melanesia,2017,Population mid-year estimates (millions),10.5142
54,Melanesia,2017,Surface area (thousand km2),541
54,Melanesia,2019,Population mid-year estimates (millions),10.9185
57,Micronesia,2005,Population mid-year estimates (millions),0.4983
57,Micronesia,2010,Population mid-year estimates (millions),0.5036
57,Micronesia,2017,Population mid-year estimates (millions),0.5329
57,Micronesia,2017,Surface area (thousand km2),3
57,Micronesia,2019,Population mid-year estimates (millions),0.5435
61,Polynesia,2005,Population mid-year estimates (millions),0.6459
61,Polynesia,2010,Population mid-year estimates (millions),0.6568
61,Polynesia,2017,Population mid-year estimates (millions),0.6728
61,Polynesia,2017,Surface area (thousand km2),8
61,Polynesia,2019,Population mid-year estimates (millions),0.6798
4,Afghanistan,2005,Population mid-year estimates (millions),25.6543
4,Afghanistan,2010,Population mid-year estimates (millions),29.1855
4,Afghanistan,2017,Population mid-year estimates (millions),36.2961
4,Afghanistan,2017,Surface area (thousand km2),652.864
4,Afghanistan,2019,Population mid-year estimates (millions),38.0418
8,Albania,2005,Population mid-year estimates (millions),3.0868
8,Albania,2010,Population mid-year estimates (millions),2.948
8,Albania,2017,Population mid-year estimates (millions),2.8842
8,Albania,2017,Surface area (thousand km2),28.748
8,Albania,2019,Population mid-year estimates (millions),2.8809
12,Algeria,2005,Population mid-year estimates (millions),33.1497
12,Algeria,2010,Population mid-year estimates (millions),35.9775
12,Algeria,2017,Population mid-year estimates (millions),41.3892
12,Algeria,2017,Surface area (thousand km2),2381.741
12,Algeria,2019,Population mid-year estimates (millions),43.0531
16,American Samoa,2000,Population mid-year estimates (millions),0.0575
16,American Samoa,2005,Population mid-year estimates (millions),0.0591
16,American Samoa,2010,Population mid-year estimates (millions),0.0556
16,American Samoa,2016,Population mid-year estimates (millions),0.0556
16,American Samoa,2017,Population mid-year estimates (millions),0.0556
16,American Samoa,2017,Surface area (thousand km2),0.199
16,American Samoa,2019,Population mid-year estimates (millions),0.0553
20,Andorra,2005,Population mid-year estimates (millions),0.0789
20,Andorra,2010,Population mid-year estimates (millions),0.0844
20,Andorra,2016,Population mid-year estimates (millions),0.0773
20,Andorra,2017,Population mid-year estimates (millions),0.077
20,Andorra,2017,Surface area (thousand km2),0.468
20,Andorra,2019,Population mid-year estimates (millions),0.0771
24,Angola,2005,Population mid-year estimates (millions),19.4336
24,Angola,2010,Population mid-year estimates (millions),23.3562
24,Angola,2017,Population mid-year estimates (millions),29.8168
24,Angola,2017,Surface area (thousand km2),1246.7
24,Angola,2019,Population mid-year estimates (millions),31.8253
660,Anguilla,2001,Population mid-year estimates (millions),0.0114
660,Anguilla,2005,Population mid-year estimates (millions),0.0126
660,Anguilla,2010,Population mid-year estimates (millions),0.0138
660,Anguilla,2011,Population mid-year estimates (millions),0.014
660,Anguilla,2017,Population mid-year estimates (millions),0.0149
660,Anguilla,2017,Surface area (thousand km2),0.091
660,Anguilla,2019,Population mid-year estimates (millions),0.0149
28,Antigua and Barbuda,2005,Population mid-year estimates (millions),0.0815
28,Antigua and Barbuda,2010,Population mid-year estimates (millions),0.088
28,Antigua and Barbuda,2017,Population mid-year estimates (millions),0.0954
28,Antigua and Barbuda,2017,Surface area (thousand km2),0.442
28,Antigua and Barbuda,2019,Population mid-year estimates (millions),0.0971
32,Argentina,2005,Population mid-year estimates (millions),38.8929
32,Argentina,2010,Population mid-year estimates (millions),40.8958
32,Argentina,2017,Population mid-year estimates (millions),43.9371
32,Argentina,2017,Surface area (thousand km2),2780.4
32,Argentina,2019,Population mid-year estimates (millions),44.7807
51,Armenia,2005,Population mid-year estimates (millions),2.9813
51,Armenia,2010,Population mid-year estimates (millions),2.8773
51,Armenia,2017,Population mid-year estimates (millions),2.9448
51,Armenia,2017,Surface area (thousand km2),29.743
51,Armenia,2019,Population mid-year estimates (millions),2.9577
533,Aruba,2005,Population mid-year estimates (millions),0.1
533,Aruba,2010,Population mid-year estimates (millions),0.1017
533,Aruba,2017,Population mid-year estimates (millions),0.1054
533,Aruba,2017,Surface area (thousand km2),0.18
533,Aruba,2019,Population mid-year estimates (millions),0.1063
36,Australia,2005,Population mid-year estimates (millions),20.1785
36,Australia,2010,Population mid-year estimates (millions),22.1547
36,Australia,2017,Population mid-year estimates (millions),24.5846
36,Australia,2017,Surface area (thousand km2),7692.06
36,Australia,2019,Population mid-year estimates (millions),25.2032
40,Austria,2005,Population mid-year estimates (millions),8.2537
40,Austria,2010,Population mid-year estimates (millions),8.4099
40,Austria,2017,Population mid-year estimates (millions),8.8199
40,Austria,2017,Surface area (thousand km2),83.871
40,Austria,2019,Population mid-year estimates (millions),8.9551
31,Azerbaijan,2005,Population mid-year estimates (millions),8.5386
31,Azerbaijan,2010,Population mid-year estimates (millions),9.0325
31,Azerbaijan,2017,Population mid-year estimates (millions),9.8453
31,Azerbaijan,2017,Surface area (thousand km2),86.6
31,Azerbaijan,2019,Population mid-year estimates (millions),10.0477
44,Bahamas,2005,Population mid-year estimates (millions),0.3249
44,Bahamas,2010,Population mid-year estimates (millions),0.3549
44,Bahamas,2017,Population mid-year estimates (millions),0.3818
44,Bahamas,2017,Surface area (thousand km2),13.94
44,Bahamas,2019,Population mid-year estimates (millions),0.3895
48,Bahrain,2005,Population mid-year estimates (millions),0.8892
48,Bahrain,2010,Population mid-year estimates (millions),1.2409
48,Bahrain,2017,Population mid-year estimates (millions),1.4941
48,Bahrain,2017,Surface area (thousand km2),0.771
48,Bahrain,2019,Population mid-year estimates (millions),1.6412
50,Bangladesh,2005,Population mid-year estimates (millions),139.0355
50,Bangladesh,2010,Population mid-year estimates (millions),147.5754
50,Bangladesh,2017,Population mid-year estimates (millions),159.6854
50,Bangladesh,2017,Surface area (thousand km2),147.57
50,Bangladesh,2019,Population mid-year estimates (millions),163.0462
52,Barbados,2005,Population mid-year estimates (millions),0.2763
52,Barbados,2010,Population mid-year estimates (millions),0.2821
52,Barbados,2017,Population mid-year estimates (millions),0.2862
52,Barbados,2017,Surface area (thousand km2),0.431
52,Barbados,2019,Population mid-year estimates (millions),0.287
112,Belarus,2005,Population mid-year estimates (millions),9.5621
112,Belarus,2010,Population mid-year estimates (millions),9.4206
112,Belarus,2017,Population mid-year estimates (millions),9.4502
112,Belarus,2017,Surface area (thousand km2),207.6
112,Belarus,2019,Population mid-year estimates (millions),9.4524
56,Belgium,2005,Population mid-year estimates (millions),10.5469
56,Belgium,2010,Population mid-year estimates (millions),10.9387
56,Belgium,2017,Population mid-year estimates (millions),11.4197
56,Belgium,2017,Surface area (thousand km2),30.528
56,Belgium,2019,Population mid-year estimates (millions),11.5393
84,Belize,2005,Population mid-year estimates (millions),0.2838
84,Belize,2010,Population mid-year estimates (millions),0.3225
84,Belize,2017,Population mid-year estimates (millions),0.3758
84,Belize,2017,Surface area (thousand km2),22.966
84,Belize,2019,Population mid-year estimates (millions),0.3904
204,Benin,2005,Population mid-year estimates (millions),7.9822
204,Benin,2010,Population mid-year estimates (millions),9.1993
204,Benin,2017,Population mid-year estimates (millions),11.1752
204,Benin,2017,Surface area (thousand km2),114.763
204,Benin,2019,Population mid-year estimates (millions),11.8012
60,Bermuda,2005,Population mid-year estimates (millions),0.0651
60,Bermuda,2010,Population mid-year estimates (millions),0.064
60,Bermuda,2017,Population mid-year estimates (millions),0.0613
60,Bermuda,2017,Surface area (thousand km2),0.053
60,Bermuda,2019,Population mid-year estimates (millions),0.0625
64,Bhutan,2005,Population mid-year estimates (millions),0.6487
64,Bhutan,2010,Population mid-year estimates (millions),0.6855
64,Bhutan,2017,Population mid-year estimates (millions),0.7456
64,Bhutan,2017,Surface area (thousand km2),38.394
64,Bhutan,2019,Population mid-year estimates (millions),0.7631
68,Bolivia (Plurin. State of),2005,Population mid-year estimates (millions),9.2323
68,Bolivia (Plurin. State of),2010,Population mid-year estimates (millions),10.0486
68,Bolivia (Plurin. State of),2017,Population mid-year estimates (millions),11.1929
68,Bolivia (Plurin. State of),2017,Surface area (thousand km2),1098.581
68,Bolivia (Plurin. State of),2019,Population mid-year estimates (millions),11.5131
535,"Bonaire, St. Eustatius & Saba",2005,Population mid-year estimates (millions),0.0144
535,"Bonaire, St. Eustatius & Saba",2010,Population mid-year estimates (millions),0.0209
535,"Bonaire, St. Eustatius & Saba",2019,Population mid-year estimates (millions),0.026
70,Bosnia and Herzegovina,2005,Population mid-year estimates (millions),3.7653
70,Bosnia and Herzegovina,2010,Population mid-year estimates (millions),3.7055
70,Bosnia and Herzegovina,2017,Population mid-year estimates (millions),3.3515
70,Bosnia and Herzegovina,2017,Surface area (thousand km2),51.209
70,Bosnia and Herzegovina,2019,Population mid-year estimates (millions),3.301
72,Botswana,2005,Population mid-year estimates (millions),1.7991
72,Botswana,2010,Population mid-year estimates (millions),1.9871
72,Botswana,2017,Population mid-year estimates (millions),2.2051
72,Botswana,2017,Surface area (thousand km2),582
72,Botswana,2019,Population mid-year estimates (millions),2.3037
76,Brazil,2005,Population mid-year estimates (millions),186.1271
76,Brazil,2010,Population mid-year estimates (millions),195.7136
76,Brazil,2017,Population mid-year estimates (millions),207.8338
76,Brazil,2017,Surface area (thousand km2),8515.767
76,Brazil,2019,Population mid-year estimates (millions),211.0495
92,British Virgin Islands,2001,Population mid-year estimates (millions),0.0211
92,British Virgin Islands,2005,Population mid-year estimates (millions),0.0232
92,British Virgin Islands,2010,Population mid-year estimates (millions),0.0272
92,British Virgin Islands,2017,Population mid-year estimates (millions),0.0312
92,British Virgin Islands,2017,Surface area (thousand km2),0.151
92,British Virgin Islands,2019,Population mid-year estimates (millions),0.03
96,Brunei Darussalam,2005,Population mid-year estimates (millions),0.3651
96,Brunei Darussalam,2010,Population mid-year estimates (millions),0.3886
96,Brunei Darussalam,2017,Population mid-year estimates (millions),0.4245
96,Brunei Darussalam,2017,Surface area (thousand km2),5.765
96,Brunei Darussalam,2019,Population mid-year estimates (millions),0.4333
100,Bulgaria,2005,Population mid-year estimates (millions),7.687
100,Bulgaria,2010,Population mid-year estimates (millions),7.425
100,Bulgaria,2017,Population mid-year estimates (millions),7.1024
100,Bulgaria,2017,Surface area (thousand km2),111.002
100,Bulgaria,2019,Population mid-year estimates (millions),7.0001
854,Burkina Faso,2005,Population mid-year estimates (millions),13.4219
854,Burkina Faso,2010,Population mid-year estimates (millions),15.6052
854,Burkina Faso,2017,Population mid-year estimates (millions),19.1932
854,Burkina Faso,2017,Surface area (thousand km2),272.967
854,Burkina Faso,2019,Population mid-year estimates (millions),20.3214
108,Burundi,2005,Population mid-year estimates (millions),7.3649
108,Burundi,2010,Population mid-year estimates (millions),8.6756
108,Burundi,2017,Population mid-year estimates (millions),10.827
108,Burundi,2017,Surface area (thousand km2),27.83
108,Burundi,2019,Population mid-year estimates (millions),11.5306
132,Cabo Verde,2005,Population mid-year estimates (millions),0.463
132,Cabo Verde,2010,Population mid-year estimates (millions),0.4927
132,Cabo Verde,2017,Population mid-year estimates (millions),0.5375
132,Cabo Verde,2017,Surface area (thousand km2),4.033
132,Cabo Verde,2019,Population mid-year estimates (millions),0.5499
116,Cambodia,2005,Population mid-year estimates (millions),13.2734
116,Cambodia,2010,Population mid-year estimates (millions),14.3122
116,Cambodia,2017,Population mid-year estimates (millions),16.0094
116,Cambodia,2017,Surface area (thousand km2),181.035
116,Cambodia,2019,Population mid-year estimates (millions),16.4865
120,Cameroon,2005,Population mid-year estimates (millions),17.7334
120,Cameroon,2010,Population mid-year estimates (millions),20.3412
120,Cameroon,2017,Population mid-year estimates (millions),24.5661
120,Cameroon,2017,Surface area (thousand km2),475.65
120,Cameroon,2019,Population mid-year estimates (millions),25.8764
124,Canada,2005,Population mid-year estimates (millions),32.1643
124,Canada,2010,Population mid-year estimates (millions),34.1476
124,Canada,2017,Population mid-year estimates (millions),36.7321
124,Canada,2017,Surface area (thousand km2),9984.67
124,Canada,2019,Population mid-year estimates (millions),37.411
136,Cayman Islands,2005,Population mid-year estimates (millions),0.0486
136,Cayman Islands,2010,Population mid-year estimates (millions),0.0555
136,Cayman Islands,2015,Population mid-year estimates (millions),0.06
136,Cayman Islands,2015,Surface area (thousand km2),0.264
136,Cayman Islands,2017,Population mid-year estimates (millions),0.0616
136,Cayman Islands,2017,Surface area (thousand km2),0.264
136,Cayman Islands,2019,Population mid-year estimates (millions),0.0649
140,Central African Republic,2005,Population mid-year estimates (millions),4.0384
140,Central African Republic,2010,Population mid-year estimates (millions),4.3868
140,Central African Republic,2017,Population mid-year estimates (millions),4.596
140,Central African Republic,2017,Surface area (thousand km2),622.984
140,Central African Republic,2019,Population mid-year estimates (millions),4.7452
148,Chad,2005,Population mid-year estimates (millions),10.0966
148,Chad,2010,Population mid-year estimates (millions),11.9521
148,Chad,2017,Population mid-year estimates (millions),15.0168
148,Chad,2017,Surface area (thousand km2),1284
148,Chad,2019,Population mid-year estimates (millions),15.9469
830,Channel Islands,2005,Population mid-year estimates (millions),0.1517
830,Channel Islands,2010,Population mid-year estimates (millions),0.1597
830,Channel Islands,2017,Population mid-year estimates (millions),0.1687
830,Channel Islands,2017,Surface area (thousand km2),0.18
830,Channel Islands,2019,Population mid-year estimates (millions),0.1723
152,Chile,2005,Population mid-year estimates (millions),16.1827
152,Chile,2010,Population mid-year estimates (millions),17.0625
152,Chile,2017,Population mid-year estimates (millions),18.4704
152,Chile,2017,Surface area (thousand km2),756.102
152,Chile,2019,Population mid-year estimates (millions),18.952
156,China,2005,Population mid-year estimates (millions),1330.7764
156,China,2010,Population mid-year estimates (millions),1368.8106
156,China,2017,Population mid-year estimates (millions),1421.0218
156,China,2017,Surface area (thousand km2),9600
156,China,2019,Population mid-year estimates (millions),1433.7837
344,"China, Hong Kong SAR",2005,Population mid-year estimates (millions),6.7696
344,"China, Hong Kong SAR",2010,Population mid-year estimates (millions),6.9663
344,"China, Hong Kong SAR",2017,Population mid-year estimates (millions),7.3063
344,"China, Hong Kong SAR",2017,Surface area (thousand km2),1.1057
344,"China, Hong Kong SAR",2019,Population mid-year estimates (millions),7.4362
446,"China, Macao SAR",2005,Population mid-year estimates (millions),0.4829
446,"China, Macao SAR",2010,Population mid-year estimates (millions),0.5382
446,"China, Macao SAR",2017,Population mid-year estimates (millions),0.6226
446,"China, Macao SAR",2017,Surface area (thousand km2),0.03
446,"China, Macao SAR",2019,Population mid-year estimates (millions),0.6404
170,Colombia,2005,Population mid-year estimates (millions),42.6477
170,Colombia,2010,Population mid-year estimates (millions),45.2227
170,Colombia,2017,Population mid-year estimates (millions),48.9098
170,Colombia,2017,Surface area (thousand km2),1141.748
170,Colombia,2019,Population mid-year estimates (millions),50.3394
174,Comoros,2005,Population mid-year estimates (millions),0.6116
174,Comoros,2010,Population mid-year estimates (millions),0.6897
174,Comoros,2017,Population mid-year estimates (millions),0.8139
174,Comoros,2017,Surface area (thousand km2),2.235
174,Comoros,2019,Population mid-year estimates (millions),0.8509
178,Congo,2005,Population mid-year estimates (millions),3.6228
178,Congo,2010,Population mid-year estimates (millions),4.2737
178,Congo,2017,Population mid-year estimates (millions),5.1107
178,Congo,2017,Surface area (thousand km2),342
178,Congo,2019,Population mid-year estimates (millions),5.3805
184,Cook Islands,2001,Population mid-year estimates (millions),0.0183
184,Cook Islands,2005,Population mid-year estimates (millions),0.0197
184,Cook Islands,2006,Population mid-year estimates (millions),0.0197
184,Cook Islands,2010,Population mid-year estimates (millions),0.0185
184,Cook Islands,2016,Population mid-year estimates (millions),0.0174
184,Cook Islands,2017,Population mid-year estimates (millions),0.0174
184,Cook Islands,2017,Surface area (thousand km2),0.236
184,Cook Islands,2019,Population mid-year estimates (millions),0.0175
188,Costa Rica,2005,Population mid-year estimates (millions),4.2855
188,Costa Rica,2010,Population mid-year estimates (millions),4.5774
188,Costa Rica,2017,Population mid-year estimates (millions),4.95
188,Costa Rica,2017,Surface area (thousand km2),51.1
188,Costa Rica,2019,Population mid-year estimates (millions),5.0476
384,Côte d’Ivoire,2005,Population mid-year estimates (millions),18.3545
384,Côte d’Ivoire,2010,Population mid-year estimates (millions),20.533
384,Côte d’Ivoire,2017,Population mid-year estimates (millions),24.4375
384,Côte d’Ivoire,2017,Surface area (thousand km2),322.463
384,Côte d’Ivoire,2019,Population mid-year estimates (millions),25.7165
191,Croatia,2005,Population mid-year estimates (millions),4.3781
191,Croatia,2010,Population mid-year estimates (millions),4.3282
191,Croatia,2017,Population mid-year estimates (millions),4.1829
191,Croatia,2017,Surface area (thousand km2),56.594
191,Croatia,2019,Population mid-year estimates (millions),4.1303
192,Cuba,2005,Population mid-year estimates (millions),11.2616
192,Cuba,2010,Population mid-year estimates (millions),11.2258
192,Cuba,2017,Population mid-year estimates (millions),11.3393
192,Cuba,2017,Surface area (thousand km2),109.884
192,Cuba,2019,Population mid-year estimates (millions),11.3335
531,Curaçao,2005,Population mid-year estimates (millions),0.1301
531,Curaçao,2010,Population mid-year estimates (millions),0.1492
531,Curaçao,2017,Population mid-year estimates (millions),0.162
531,Curaçao,2017,Surface area (thousand km2),0.444
531,Curaçao,2019,Population mid-year estimates (millions),0.1634
196,Cyprus,2005,Population mid-year estimates (millions),1.0277
196,Cyprus,2010,Population mid-year estimates (millions),1.1126
196,Cyprus,2017,Population mid-year estimates (millions),1.1797
196,Cyprus,2017,Surface area (thousand km2),9.251
196,Cyprus,2019,Population mid-year estimates (millions),1.1986
203,Czechia,2005,Population mid-year estimates (millions),10.2582
203,Czechia,2010,Population mid-year estimates (millions),10.5365
203,Czechia,2017,Population mid-year estimates (millions),10.641
203,Czechia,2017,Surface area (thousand km2),78.8678
203,Czechia,2019,Population mid-year estimates (millions),10.6892
408,Dem. People's Rep. Korea,2005,Population mid-year estimates (millions),23.9042
408,Dem. People's Rep. Korea,2010,Population mid-year estimates (millions),24.5488
408,Dem. People's Rep. Korea,2017,Population mid-year estimates (millions),25.4298
408,Dem. People's Rep. Korea,2017,Surface area (thousand km2),120.538
408,Dem. People's Rep. Korea,2019,Population mid-year estimates (millions),25.6662
180,Dem. Rep. of the Congo,2005,Population mid-year estimates (millions),54.7859
180,Dem. Rep. of the Congo,2010,Population mid-year estimates (millions),64.5639
180,Dem. Rep. of the Congo,2017,Population mid-year estimates (millions),81.3988
180,Dem. Rep. of the Congo,2017,Surface area (thousand km2),2344.858
180,Dem. Rep. of the Congo,2019,Population mid-year estimates (millions),86.7906
208,Denmark,2005,Population mid-year estimates (millions),5.4217
208,Denmark,2010,Population mid-year estimates (millions),5.5548
208,Denmark,2017,Population mid-year estimates (millions),5.7323
208,Denmark,2017,Surface area (thousand km2),42.921
208,Denmark,2019,Population mid-year estimates (millions),5.7719
262,Djibouti,2005,Population mid-year estimates (millions),0.7833
262,Djibouti,2010,Population mid-year estimates (millions),0.8402
262,Djibouti,2017,Population mid-year estimates (millions),0.9441
262,Djibouti,2017,Surface area (thousand km2),23.2
262,Djibouti,2019,Population mid-year estimates (millions),0.9736
212,Dominica,2001,Population mid-year estimates (millions),0.0697
212,Dominica,2005,Population mid-year estimates (millions),0.0706
212,Dominica,2006,Population mid-year estimates (millions),0.0708
212,Dominica,2010,Population mid-year estimates (millions),0.0714
212,Dominica,2014,Population mid-year estimates (millions),0.0728
212,Dominica,2014,Surface area (thousand km2),0.75
212,Dominica,2017,Population mid-year estimates (millions),0.0739
212,Dominica,2017,Surface area (thousand km2),0.75
212,Dominica,2019,Population mid-year estimates (millions),0.0718
214,Dominican Republic,2005,Population mid-year estimates (millions),9.0973
214,Dominican Republic,2010,Population mid-year estimates (millions),9.6951
214,Dominican Republic,2017,Population mid-year estimates (millions),10.5131
214,Dominican Republic,2017,Surface area (thousand km2),48.671
214,Dominican Republic,2019,Population mid-year estimates (millions),10.739
218,Ecuador,2005,Population mid-year estimates (millions),13.8258
218,Ecuador,2010,Population mid-year estimates (millions),15.0111
218,Ecuador,2017,Population mid-year estimates (millions),16.7854
218,Ecuador,2017,Surface area (thousand km2),257.217
218,Ecuador,2019,Population mid-year estimates (millions),17.3737
818,Egypt,2005,Population mid-year estimates (millions),75.5236
818,Egypt,2010,Population mid-year estimates (millions),82.7612
818,Egypt,2017,Population mid-year estimates (millions),96.4426
818,Egypt,2017,Surface area (thousand km2),1002
818,Egypt,2019,Population mid-year estimates (millions),100.3881
222,El Salvador,2005,Population mid-year estimates (millions),6.0521
222,El Salvador,2010,Population mid-year estimates (millions),6.1839
222,El Salvador,2017,Population mid-year estimates (millions),6.3881
222,El Salvador,2017,Surface area (thousand km2),21.0408
222,El Salvador,2019,Population mid-year estimates (millions),6.4536
226,Equatorial Guinea,2005,Population mid-year estimates (millions),0.7495
226,Equatorial Guinea,2010,Population mid-year estimates (millions),0.9436
226,Equatorial Guinea,2017,Population mid-year estimates (millions),1.262
226,Equatorial Guinea,2017,Surface area (thousand km2),28.0515
226,Equatorial Guinea,2019,Population mid-year estimates (millions),1.356
232,Eritrea,2005,Population mid-year estimates (millions),2.8267
232,Eritrea,2010,Population mid-year estimates (millions),3.1704
232,Eritrea,2017,Population mid-year estimates (millions),3.4129
232,Eritrea,2017,Surface area (thousand km2),117.6
232,Eritrea,2019,Population mid-year estimates (millions),3.4971
233,Estonia,2005,Population mid-year estimates (millions),1.3556
233,Estonia,2010,Population mid-year estimates (millions),1.3321
233,Estonia,2017,Population mid-year estimates (millions),1.3194
233,Estonia,2017,Surface area (thousand km2),45.227
233,Estonia,2019,Population mid-year estimates (millions),1.3256
748,Eswatini,2005,Population mid-year estimates (millions),1.0306
748,Eswatini,2010,Population mid-year estimates (millions),1.0648
748,Eswatini,2017,Population mid-year estimates (millions),1.1248
748,Eswatini,2017,Surface area (thousand km2),17.363
748,Eswatini,2019,Population mid-year estimates (millions),1.1481
231,Ethiopia,2005,Population mid-year estimates (millions),76.3463
231,Ethiopia,2010,Population mid-year estimates (millions),87.64
231,Ethiopia,2017,Population mid-year estimates (millions),106.3999
231,Ethiopia,2017,Surface area (thousand km2),1104.3
231,Ethiopia,2019,Population mid-year estimates (millions),112.0787
238,Falkland Islands (Malvinas),2001,Population mid-year estimates (millions),0.0029
238,Falkland Islands (Malvinas),2005,Population mid-year estimates (millions),0.0029
238,Falkland Islands (Malvinas),2006,Population mid-year estimates (millions),0.0029
238,Falkland Islands (Malvinas),2010,Population mid-year estimates (millions),0.0029
238,Falkland Islands (Malvinas),2012,Population mid-year estimates (millions),0.0029
238,Falkland Islands (Malvinas),2017,Population mid-year estimates (millions),0.0029
238,Falkland Islands (Malvinas),2017,Surface area (thousand km2),12.173
238,Falkland Islands (Malvinas),2019,Population mid-year estimates (millions),0.0034
234,Faroe Islands,2005,Population mid-year estimates (millions),0.0483
234,Faroe Islands,2008,Population mid-year estimates (millions),0.0485
234,Faroe Islands,2010,Population mid-year estimates (millions),0.0486
234,Faroe Islands,2015,Population mid-year estimates (millions),0.049
234,Faroe Islands,2015,Surface area (thousand km2),1.393
234,Faroe Islands,2017,Population mid-year estimates (millions),0.0493
234,Faroe Islands,2017,Surface area (thousand km2),1.393
234,Faroe Islands,2019,Population mid-year estimates (millions),0.0487
242,Fiji,2005,Population mid-year estimates (millions),0.8216
242,Fiji,2010,Population mid-year estimates (millions),0.8598
242,Fiji,2017,Population mid-year estimates (millions),0.8775
242,Fiji,2017,Surface area (thousand km2),18.272
242,Fiji,2019,Population mid-year estimates (millions),0.89
246,Finland,2005,Population mid-year estimates (millions),5.2589
246,Finland,2010,Population mid-year estimates (millions),5.3658
246,Finland,2017,Population mid-year estimates (millions),5.5114
246,Finland,2017,Surface area (thousand km2),338.44
246,Finland,2019,Population mid-year estimates (millions),5.5322
250,France,2005,Population mid-year estimates (millions),61.1201
250,France,2010,Population mid-year estimates (millions),62.8795
250,France,2017,Population mid-year estimates (millions),64.8425
250,France,2017,Surface area (thousand km2),551.5
250,France,2019,Population mid-year estimates (millions),65.1297
254,French Guiana,2005,Population mid-year estimates (millions),0.203
254,French Guiana,2010,Population mid-year estimates (millions),0.233
254,French Guiana,2017,Population mid-year estimates (millions),0.2752
254,French Guiana,2017,Surface area (thousand km2),83.534
254,French Guiana,2019,Population mid-year estimates (millions),0.2908
258,French Polynesia,2005,Population mid-year estimates (millions),0.2588
258,French Polynesia,2010,Population mid-year estimates (millions),0.2665
258,French Polynesia,2017,Population mid-year estimates (millions),0.2761
258,French Polynesia,2017,Surface area (thousand km2),4
258,French Polynesia,2019,Population mid-year estimates (millions),0.2793
266,Gabon,2005,Population mid-year estimates (millions),1.3905
266,Gabon,2010,Population mid-year estimates (millions),1.6241
266,Gabon,2017,Population mid-year estimates (millions),2.0648
266,Gabon,2017,Surface area (thousand km2),267.668
266,Gabon,2019,Population mid-year estimates (millions),2.1726
270,Gambia,2005,Population mid-year estimates (millions),1.5437
270,Gambia,2010,Population mid-year estimates (millions),1.7932
270,Gambia,2017,Population mid-year estimates (millions),2.2139
270,Gambia,2017,Surface area (thousand km2),11.295
270,Gambia,2019,Population mid-year estimates (millions),2.3477
268,Georgia,2005,Population mid-year estimates (millions),4.2102
268,Georgia,2010,Population mid-year estimates (millions),4.0991
268,Georgia,2017,Population mid-year estimates (millions),4.0087
268,Georgia,2017,Surface area (thousand km2),69.7
268,Georgia,2019,Population mid-year estimates (millions),3.9968
276,Germany,2005,Population mid-year estimates (millions),81.6027
276,Germany,2010,Population mid-year estimates (millions),80.827
276,Germany,2017,Population mid-year estimates (millions),82.6584
276,Germany,2017,Surface area (thousand km2),357.376
276,Germany,2019,Population mid-year estimates (millions),83.517
288,Ghana,2005,Population mid-year estimates (millions),21.8146
288,Ghana,2010,Population mid-year estimates (millions),24.7796
288,Ghana,2017,Population mid-year estimates (millions),29.1215
288,Ghana,2017,Surface area (thousand km2),238.537
288,Ghana,2019,Population mid-year estimates (millions),30.4179
292,Gibraltar,2001,Population mid-year estimates (millions),0.0314
292,Gibraltar,2005,Population mid-year estimates (millions),0.0321
292,Gibraltar,2010,Population mid-year estimates (millions),0.0332
292,Gibraltar,2012,Population mid-year estimates (millions),0.0336
292,Gibraltar,2015,Population mid-year estimates (millions),0.0342
292,Gibraltar,2015,Surface area (thousand km2),0.006
292,Gibraltar,2017,Population mid-year estimates (millions),0.0346
292,Gibraltar,2017,Surface area (thousand km2),0.006
292,Gibraltar,2019,Population mid-year estimates (millions),0.0337
300,Greece,2005,Population mid-year estimates (millions),11.2248
300,Greece,2010,Population mid-year estimates (millions),10.8876
300,Greece,2017,Population mid-year estimates (millions),10.5695
300,Greece,2017,Surface area (thousand km2),131.957
300,Greece,2019,Population mid-year estimates (millions),10.4735
304,Greenland,2005,Population mid-year estimates (millions),0.057
304,Greenland,2010,Population mid-year estimates (millions),0.0566
304,Greenland,2016,Population mid-year estimates (millions),0.0564
304,Greenland,2017,Population mid-year estimates (millions),0.0565
304,Greenland,2017,Surface area (thousand km2),2166.086
304,Greenland,2019,Population mid-year estimates (millions),0.0567
308,Grenada,2005,Population mid-year estimates (millions),0.1047
308,Grenada,2010,Population mid-year estimates (millions),0.1062
308,Grenada,2017,Population mid-year estimates (millions),0.1109
308,Grenada,2017,Surface area (thousand km2),0.345
308,Grenada,2019,Population mid-year estimates (millions),0.112
312,Guadeloupe,2005,Population mid-year estimates (millions),0.4029
312,Guadeloupe,2010,Population mid-year estimates (millions),0.4061
312,Guadeloupe,2017,Population mid-year estimates (millions),0.3997
312,Guadeloupe,2017,Surface area (thousand km2),1.705
312,Guadeloupe,2019,Population mid-year estimates (millions),0.4001
316,Guam,2005,Population mid-year estimates (millions),0.1584
316,Guam,2010,Population mid-year estimates (millions),0.1594
316,Guam,2017,Population mid-year estimates (millions),0.1643
316,Guam,2017,Surface area (thousand km2),0.549
316,Guam,2019,Population mid-year estimates (millions),0.1673
320,Guatemala,2005,Population mid-year estimates (millions),13.096
320,Guatemala,2010,Population mid-year estimates (millions),14.6304
320,Guatemala,2017,Population mid-year estimates (millions),16.915
320,Guatemala,2017,Surface area (thousand km2),108.889
320,Guatemala,2019,Population mid-year estimates (millions),17.5815
324,Guinea,2005,Population mid-year estimates (millions),9.1096
324,Guinea,2010,Population mid-year estimates (millions),10.1922
324,Guinea,2017,Population mid-year estimates (millions),12.0675
324,Guinea,2017,Surface area (thousand km2),245.857
324,Guinea,2019,Population mid-year estimates (millions),12.7712
624,Guinea-Bissau,2005,Population mid-year estimates (millions),1.3449
624,Guinea-Bissau,2010,Population mid-year estimates (millions),1.5226
624,Guinea-Bissau,2017,Population mid-year estimates (millions),1.8281
624,Guinea-Bissau,2017,Surface area (thousand km2),36.125
624,Guinea-Bissau,2019,Population mid-year estimates (millions),1.9209
328,Guyana,2005,Population mid-year estimates (millions),0.7462
328,Guyana,2010,Population mid-year estimates (millions),0.7494
328,Guyana,2017,Population mid-year estimates (millions),0.7752
328,Guyana,2017,Surface area (thousand km2),214.969
328,Guyana,2019,Population mid-year estimates (millions),0.7828
332,Haiti,2005,Population mid-year estimates (millions),9.1953
332,Haiti,2010,Population mid-year estimates (millions),9.9493
332,Haiti,2017,Population mid-year estimates (millions),10.9824
332,Haiti,2017,Surface area (thousand km2),27.75
332,Haiti,2019,Population mid-year estimates (millions),11.2631
336,Holy See,2000,Population mid-year estimates (millions),0.0008
336,Holy See,2005,Population mid-year estimates (millions),0.0008
336,Holy See,2009,Population mid-year estimates (millions),0.0008
336,Holy See,2010,Population mid-year estimates (millions),0.0008
336,Holy See,2017,Population mid-year estimates (millions),0.0008
336,Holy See,2017,Surface area (thousand km2),0.0004
336,Holy See,2019,Population mid-year estimates (millions),0.0008
340,Honduras,2005,Population mid-year estimates (millions),7.459
340,Honduras,2010,Population mid-year estimates (millions),8.3175
340,Honduras,2017,Population mid-year estimates (millions),9.429
340,Honduras,2017,Surface area (thousand km2),112.492
340,Honduras,2019,Population mid-year estimates (millions),9.7461
348,Hungary,2005,Population mid-year estimates (millions),10.0859
348,Hungary,2010,Population mid-year estimates (millions),9.9274
348,Hungary,2017,Population mid-year estimates (millions),9.7298
348,Hungary,2017,Surface area (thousand km2),93.024
348,Hungary,2019,Population mid-year estimates (millions),9.6847
352,Iceland,2005,Population mid-year estimates (millions),0.295
352,Iceland,2010,Population mid-year estimates (millions),0.3203
352,Iceland,2017,Population mid-year estimates (millions),0.3344
352,Iceland,2017,Surface area (thousand km2),103
352,Iceland,2019,Population mid-year estimates (millions),0.339
356,India,2005,Population mid-year estimates (millions),1147.6099
356,India,2010,Population mid-year estimates (millions),1234.2812
356,India,2017,Population mid-year estimates (millions),1338.6768
356,India,2017,Surface area (thousand km2),3287.263
356,India,2019,Population mid-year estimates (millions),1366.4178
360,Indonesia,2005,Population mid-year estimates (millions),226.2895
360,Indonesia,2010,Population mid-year estimates (millions),241.8342
360,Indonesia,2017,Population mid-year estimates (millions),264.651
360,Indonesia,2017,Surface area (thousand km2),1910.931
360,Indonesia,2019,Population mid-year estimates (millions),270.6256
364,Iran (Islamic Republic of),2005,Population mid-year estimates (millions),69.7623
364,Iran (Islamic Republic of),2010,Population mid-year estimates (millions),73.7625
364,Iran (Islamic Republic of),2017,Population mid-year estimates (millions),80.6739
364,Iran (Islamic Republic of),2017,Surface area (thousand km2),1628.75
364,Iran (Islamic Republic of),2019,Population mid-year estimates (millions),82.9139
368,Iraq,2005,Population mid-year estimates (millions),26.9223
368,Iraq,2010,Population mid-year estimates (millions),29.742
368,Iraq,2017,Population mid-year estimates (millions),37.5528
368,Iraq,2017,Surface area (thousand km2),435.052
368,Iraq,2019,Population mid-year estimates (millions),39.3098
372,Ireland,2005,Population mid-year estimates (millions),4.1412
372,Ireland,2010,Population mid-year estimates (millions),4.5543
372,Ireland,2017,Population mid-year estimates (millions),4.7533
372,Ireland,2017,Surface area (thousand km2),69.797
372,Ireland,2019,Population mid-year estimates (millions),4.8825
833,Isle of Man,2005,Population mid-year estimates (millions),0.0761
833,Isle of Man,2009,Population mid-year estimates (millions),0.0793
833,Isle of Man,2010,Population mid-year estimates (millions),0.0801
833,Isle of Man,2016,Population mid-year estimates (millions),0.0837
833,Isle of Man,2017,Population mid-year estimates (millions),0.0843
833,Isle of Man,2017,Surface area (thousand km2),0.572
833,Isle of Man,2019,Population mid-year estimates (millions),0.0846
376,Israel,2005,Population mid-year estimates (millions),6.5295
376,Israel,2010,Population mid-year estimates (millions),7.3464
376,Israel,2017,Population mid-year estimates (millions),8.2438
376,Israel,2017,Surface area (thousand km2),22.072
376,Israel,2019,Population mid-year estimates (millions),8.5194
380,Italy,2005,Population mid-year estimates (millions),58.2812
380,Italy,2010,Population mid-year estimates (millions),59.3252
380,Italy,2017,Population mid-year estimates (millions),60.6737
380,Italy,2017,Surface area (thousand km2),302.073
380,Italy,2019,Population mid-year estimates (millions),60.5501
388,Jamaica,2005,Population mid-year estimates (millions),2.74
388,Jamaica,2010,Population mid-year estimates (millions),2.8105
388,Jamaica,2017,Population mid-year estimates (millions),2.9208
388,Jamaica,2017,Surface area (thousand km2),10.9905
388,Jamaica,2019,Population mid-year estimates (millions),2.9483
392,Japan,2005,Population mid-year estimates (millions),128.3261
392,Japan,2007,Population mid-year estimates (millions),128.4941
392,Japan,2007,Surface area (thousand km2),377.93
392,Japan,2010,Population mid-year estimates (millions),128.5424
392,Japan,2019,Population mid-year estimates (millions),126.8603
400,Jordan,2005,Population mid-year estimates (millions),5.7656
400,Jordan,2010,Population mid-year estimates (millions),7.2615
400,Jordan,2017,Population mid-year estimates (millions),9.7858
400,Jordan,2017,Surface area (thousand km2),89.318
400,Jordan,2019,Population mid-year estimates (millions),10.1017
398,Kazakhstan,2005,Population mid-year estimates (millions),15.4028
398,Kazakhstan,2010,Population mid-year estimates (millions),16.2523
398,Kazakhstan,2017,Population mid-year estimates (millions),18.08
398,Kazakhstan,2017,Surface area (thousand km2),2724.902
398,Kazakhstan,2019,Population mid-year estimates (millions),18.5514
404,Kenya,2005,Population mid-year estimates (millions),36.6249
404,Kenya,2010,Population mid-year estimates (millions),42.0307
404,Kenya,2017,Population mid-year estimates (millions),50.2211
404,Kenya,2017,Surface area (thousand km2),591.958
404,Kenya,2019,Population mid-year estimates (millions),52.574
296,Kiribati,2005,Population mid-year estimates (millions),0.0923
296,Kiribati,2010,Population mid-year estimates (millions),0.1029
296,Kiribati,2017,Population mid-year estimates (millions),0.1142
296,Kiribati,2017,Surface area (thousand km2),0.7263
296,Kiribati,2019,Population mid-year estimates (millions),0.1176
414,Kuwait,2005,Population mid-year estimates (millions),2.2702
414,Kuwait,2010,Population mid-year estimates (millions),2.9919
414,Kuwait,2017,Population mid-year estimates (millions),4.0561
414,Kuwait,2017,Surface area (thousand km2),17.818
414,Kuwait,2019,Population mid-year estimates (millions),4.2071
417,Kyrgyzstan,2005,Population mid-year estimates (millions),5.0753
417,Kyrgyzstan,2010,Population mid-year estimates (millions),5.4223
417,Kyrgyzstan,2017,Population mid-year estimates (millions),6.1897
417,Kyrgyzstan,2017,Surface area (thousand km2),199.949
417,Kyrgyzstan,2019,Population mid-year estimates (millions),6.4159
418,Lao People's Dem. Rep.,2005,Population mid-year estimates (millions),5.7517
418,Lao People's Dem. Rep.,2010,Population mid-year estimates (millions),6.2492
418,Lao People's Dem. Rep.,2017,Population mid-year estimates (millions),6.953
418,Lao People's Dem. Rep.,2017,Surface area (thousand km2),236.8
418,Lao People's Dem. Rep.,2019,Population mid-year estimates (millions),7.1695
428,Latvia,2005,Population mid-year estimates (millions),2.252
428,Latvia,2010,Population mid-year estimates (millions),2.1189
428,Latvia,2017,Population mid-year estimates (millions),1.9511
428,Latvia,2017,Surface area (thousand km2),64.573
428,Latvia,2019,Population mid-year estimates (millions),1.9067
422,Lebanon,2005,Population mid-year estimates (millions),4.6988
422,Lebanon,2010,Population mid-year estimates (millions),4.9531
422,Lebanon,2017,Population mid-year estimates (millions),6.8194
422,Lebanon,2017,Surface area (thousand km2),10.452
422,Lebanon,2019,Population mid-year estimates (millions),6.8557
426,Lesotho,2005,Population mid-year estimates (millions),1.9961
426,Lesotho,2010,Population mid-year estimates (millions),1.9956
426,Lesotho,2017,Population mid-year estimates (millions),2.0915
426,Lesotho,2017,Surface area (thousand km2),30.355
426,Lesotho,2019,Population mid-year estimates (millions),2.1253
430,Liberia,2005,Population mid-year estimates (millions),3.2181
430,Liberia,2010,Population mid-year estimates (millions),3.8914
430,Liberia,2017,Population mid-year estimates (millions),4.7022
430,Liberia,2017,Surface area (thousand km2),111.369
430,Liberia,2019,Population mid-year estimates (millions),4.9374
434,Libya,2005,Population mid-year estimates (millions),5.7986
434,Libya,2010,Population mid-year estimates (millions),6.1977
434,Libya,2017,Population mid-year estimates (millions),6.5807
434,Libya,2017,Surface area (thousand km2),1676.198
434,Libya,2019,Population mid-year estimates (millions),6.7775
438,Liechtenstein,2005,Population mid-year estimates (millions),0.0349
438,Liechtenstein,2010,Population mid-year estimates (millions),0.036
438,Liechtenstein,2016,Population mid-year estimates (millions),0.0377
438,Liechtenstein,2017,Population mid-year estimates (millions),0.0379
438,Liechtenstein,2017,Surface area (thousand km2),0.16
438,Liechtenstein,2019,Population mid-year estimates (millions),0.038
440,Lithuania,2005,Population mid-year estimates (millions),3.3443
440,Lithuania,2010,Population mid-year estimates (millions),3.1238
440,Lithuania,2017,Population mid-year estimates (millions),2.8454
440,Lithuania,2017,Surface area (thousand km2),65.286
440,Lithuania,2019,Population mid-year estimates (millions),2.7596
442,Luxembourg,2005,Population mid-year estimates (millions),0.4578
442,Luxembourg,2010,Population mid-year estimates (millions),0.5079
442,Luxembourg,2017,Population mid-year estimates (millions),0.5919
442,Luxembourg,2017,Surface area (thousand km2),2.586
442,Luxembourg,2019,Population mid-year estimates (millions),0.6157
450,Madagascar,2005,Population mid-year estimates (millions),18.3367
450,Madagascar,2010,Population mid-year estimates (millions),21.1516
450,Madagascar,2017,Population mid-year estimates (millions),25.5705
450,Madagascar,2017,Surface area (thousand km2),587.295
450,Madagascar,2019,Population mid-year estimates (millions),26.9693
454,Malawi,2005,Population mid-year estimates (millions),12.626
454,Malawi,2010,Population mid-year estimates (millions),14.5396
454,Malawi,2017,Population mid-year estimates (millions),17.6702
454,Malawi,2017,Surface area (thousand km2),118.484
454,Malawi,2019,Population mid-year estimates (millions),18.6287
458,Malaysia,2005,Population mid-year estimates (millions),25.6906
458,Malaysia,2010,Population mid-year estimates (millions),28.208
458,Malaysia,2017,Population mid-year estimates (millions),31.1046
458,Malaysia,2017,Surface area (thousand km2),330.323
458,Malaysia,2019,Population mid-year estimates (millions),31.9498
462,Maldives,2005,Population mid-year estimates (millions),0.3196
462,Maldives,2010,Population mid-year estimates (millions),0.3657
462,Maldives,2017,Population mid-year estimates (millions),0.4964
462,Maldives,2017,Surface area (thousand km2),0.3
462,Maldives,2019,Population mid-year estimates (millions),0.531
466,Mali,2005,Population mid-year estimates (millions),12.7755
466,Mali,2010,Population mid-year estimates (millions),15.0494
466,Mali,2017,Population mid-year estimates (millions),18.5124
466,Mali,2017,Surface area (thousand km2),1240.192
466,Mali,2019,Population mid-year estimates (millions),19.658
470,Malta,2005,Population mid-year estimates (millions),0.4047
470,Malta,2010,Population mid-year estimates (millions),0.4143
470,Malta,2017,Population mid-year estimates (millions),0.4379
470,Malta,2017,Surface area (thousand km2),0.3154
470,Malta,2019,Population mid-year estimates (millions),0.4404
584,Marshall Islands,2004,Population mid-year estimates (millions),0.0521
584,Marshall Islands,2005,Population mid-year estimates (millions),0.0521
584,Marshall Islands,2010,Population mid-year estimates (millions),0.0524
584,Marshall Islands,2016,Population mid-year estimates (millions),0.0531
584,Marshall Islands,2017,Population mid-year estimates (millions),0.0531
584,Marshall Islands,2017,Surface area (thousand km2),0.181
584,Marshall Islands,2019,Population mid-year estimates (millions),0.0588
474,Martinique,2005,Population mid-year estimates (millions),0.3972
474,Martinique,2010,Population mid-year estimates (millions),0.3947
474,Martinique,2017,Population mid-year estimates (millions),0.3759
474,Martinique,2017,Surface area (thousand km2),1.128
474,Martinique,2019,Population mid-year estimates (millions),0.3756
478,Mauritania,2005,Population mid-year estimates (millions),3.0242
478,Mauritania,2010,Population mid-year estimates (millions),3.4942
478,Mauritania,2017,Population mid-year estimates (millions),4.2826
478,Mauritania,2017,Surface area (thousand km2),1030.7
478,Mauritania,2019,Population mid-year estimates (millions),4.5257
480,Mauritius,2005,Population mid-year estimates (millions),1.222
480,Mauritius,2010,Population mid-year estimates (millions),1.248
480,Mauritius,2017,Population mid-year estimates (millions),1.2645
480,Mauritius,2017,Surface area (thousand km2),1.969
480,Mauritius,2019,Population mid-year estimates (millions),1.2697
175,Mayotte,2005,Population mid-year estimates (millions),0.1781
175,Mayotte,2010,Population mid-year estimates (millions),0.2087
175,Mayotte,2019,Population mid-year estimates (millions),0.2662
484,Mexico,2005,Population mid-year estimates (millions),106.0052
484,Mexico,2010,Population mid-year estimates (millions),114.093
484,Mexico,2017,Population mid-year estimates (millions),124.7773
484,Mexico,2017,Surface area (thousand km2),1964.375
484,Mexico,2019,Population mid-year estimates (millions),127.5755
583,Micronesia (Fed. States of),2005,Population mid-year estimates (millions),0.1061
583,Micronesia (Fed. States of),2010,Population mid-year estimates (millions),0.1029
583,Micronesia (Fed. States of),2017,Population mid-year estimates (millions),0.1115
583,Micronesia (Fed. States of),2017,Surface area (thousand km2),0.702
583,Micronesia (Fed. States of),2019,Population mid-year estimates (millions),0.1138
492,Monaco,2000,Population mid-year estimates (millions),0.0321
492,Monaco,2005,Population mid-year estimates (millions),0.0338
492,Monaco,2008,Population mid-year estimates (millions),0.0359
492,Monaco,2010,Population mid-year estimates (millions),0.0371
492,Monaco,2017,Population mid-year estimates (millions),0.0387
492,Monaco,2017,Surface area (thousand km2),0.002
492,Monaco,2019,Population mid-year estimates (millions),0.039
496,Mongolia,2005,Population mid-year estimates (millions),2.5264
496,Mongolia,2010,Population mid-year estimates (millions),2.7199
496,Mongolia,2017,Population mid-year estimates (millions),3.1138
496,Mongolia,2017,Surface area (thousand km2),1564.116
496,Mongolia,2019,Population mid-year estimates (millions),3.2252
499,Montenegro,2005,Population mid-year estimates (millions),0.6164
499,Montenegro,2010,Population mid-year estimates (millions),0.6243
499,Montenegro,2017,Population mid-year estimates (millions),0.6276
499,Montenegro,2017,Surface area (thousand km2),13.812
499,Montenegro,2019,Population mid-year estimates (millions),0.628
500,Montserrat,2001,Population mid-year estimates (millions),0.0045
500,Montserrat,2004,Population mid-year estimates (millions),0.0046
500,Montserrat,2005,Population mid-year estimates (millions),0.0048
500,Montserrat,2006,Population mid-year estimates (millions),0.0048
500,Montserrat,2010,Population mid-year estimates (millions),0.0049
500,Montserrat,2011,Population mid-year estimates (millions),0.005
500,Montserrat,2016,Population mid-year estimates (millions),0.0052
500,Montserrat,2017,Population mid-year estimates (millions),0.0052
500,Montserrat,2017,Surface area (thousand km2),0.103
500,Montserrat,2019,Population mid-year estimates (millions),0.005
504,Morocco,2005,Population mid-year estimates (millions),30.4556
504,Morocco,2010,Population mid-year estimates (millions),32.3434
504,Morocco,2017,Population mid-year estimates (millions),35.5813
504,Morocco,2017,Surface area (thousand km2),446.55
504,Morocco,2019,Population mid-year estimates (millions),36.4718
508,Mozambique,2005,Population mid-year estimates (millions),20.4939
508,Mozambique,2010,Population mid-year estimates (millions),23.5316
508,Mozambique,2017,Population mid-year estimates (millions),28.649
508,Mozambique,2017,Surface area (thousand km2),799.38
508,Mozambique,2019,Population mid-year estimates (millions),30.366
104,Myanmar,2005,Population mid-year estimates (millions),48.9499
104,Myanmar,2010,Population mid-year estimates (millions),50.6008
104,Myanmar,2017,Population mid-year estimates (millions),53.3825
104,Myanmar,2017,Surface area (thousand km2),676.577
104,Myanmar,2019,Population mid-year estimates (millions),54.0454
516,Namibia,2005,Population mid-year estimates (millions),1.9383
516,Namibia,2010,Population mid-year estimates (millions),2.1189
516,Namibia,2017,Population mid-year estimates (millions),2.4026
516,Namibia,2017,Surface area (thousand km2),824.116
516,Namibia,2019,Population mid-year estimates (millions),2.4945
520,Nauru,2002,Population mid-year estimates (millions),0.0101
520,Nauru,2005,Population mid-year estimates (millions),0.0101
520,Nauru,2010,Population mid-year estimates (millions),0.01
520,Nauru,2016,Population mid-year estimates (millions),0.0113
520,Nauru,2017,Population mid-year estimates (millions),0.0114
520,Nauru,2017,Surface area (thousand km2),0.021
520,Nauru,2019,Population mid-year estimates (millions),0.0108
524,Nepal,2005,Population mid-year estimates (millions),25.7445
524,Nepal,2010,Population mid-year estimates (millions),27.0132
524,Nepal,2017,Population mid-year estimates (millions),27.6327
524,Nepal,2017,Surface area (thousand km2),147.181
524,Nepal,2019,Population mid-year estimates (millions),28.6087
528,Netherlands,2005,Population mid-year estimates (millions),16.3672
528,Netherlands,2010,Population mid-year estimates (millions),16.6829
528,Netherlands,2017,Population mid-year estimates (millions),17.0213
528,Netherlands,2017,Surface area (thousand km2),41.542
528,Netherlands,2019,Population mid-year estimates (millions),17.0971
540,New Caledonia,2005,Population mid-year estimates (millions),0.2364
540,New Caledonia,2010,Population mid-year estimates (millions),0.2535
540,New Caledonia,2017,Population mid-year estimates (millions),0.2772
540,New Caledonia,2017,Surface area (thousand km2),18.575
540,New Caledonia,2019,Population mid-year estimates (millions),0.2828
554,New Zealand,2005,Population mid-year estimates (millions),4.1354
554,New Zealand,2010,Population mid-year estimates (millions),4.3701
554,New Zealand,2017,Population mid-year estimates (millions),4.702
554,New Zealand,2017,Surface area (thousand km2),268.107
554,New Zealand,2019,Population mid-year estimates (millions),4.7831
558,Nicaragua,2005,Population mid-year estimates (millions),5.4387
558,Nicaragua,2010,Population mid-year estimates (millions),5.8241
558,Nicaragua,2017,Population mid-year estimates (millions),6.3848
558,Nicaragua,2017,Surface area (thousand km2),130.373
558,Nicaragua,2019,Population mid-year estimates (millions),6.5455
562,Niger,2005,Population mid-year estimates (millions),13.6245
562,Niger,2010,Population mid-year estimates (millions),16.464
562,Niger,2017,Population mid-year estimates (millions),21.6024
562,Niger,2017,Surface area (thousand km2),1267
562,Niger,2019,Population mid-year estimates (millions),23.3107
566,Nigeria,2005,Population mid-year estimates (millions),138.865
566,Nigeria,2010,Population mid-year estimates (millions),158.5032
566,Nigeria,2017,Population mid-year estimates (millions),190.8732
566,Nigeria,2017,Surface area (thousand km2),923.768
566,Nigeria,2019,Population mid-year estimates (millions),200.9636
570,Niue,2005,Population mid-year estimates (millions),0.0017
570,Niue,2010,Population mid-year estimates (millions),0.0016
570,Niue,2016,Population mid-year estimates (millions),0.0016
570,Niue,2017,Population mid-year estimates (millions),0.0016
570,Niue,2017,Surface area (thousand km2),0.26
570,Niue,2019,Population mid-year estimates (millions),0.0016
807,North Macedonia,2005,Population mid-year estimates (millions),2.0603
807,North Macedonia,2010,Population mid-year estimates (millions),2.0707
807,North Macedonia,2017,Population mid-year estimates (millions),2.082
807,North Macedonia,2017,Surface area (thousand km2),25.713
807,North Macedonia,2019,Population mid-year estimates (millions),2.0835
580,Northern Mariana Islands,2005,Population mid-year estimates (millions),0.0637
580,Northern Mariana Islands,2010,Population mid-year estimates (millions),0.0544
580,Northern Mariana Islands,2016,Population mid-year estimates (millions),0.055
580,Northern Mariana Islands,2017,Population mid-year estimates (millions),0.0551
580,Northern Mariana Islands,2017,Surface area (thousand km2),0.457
580,Northern Mariana Islands,2019,Population mid-year estimates (millions),0.0572
578,Norway,2005,Population mid-year estimates (millions),4.6324
578,Norway,2010,Population mid-year estimates (millions),4.8859
578,Norway,2017,Population mid-year estimates (millions),5.2963
578,Norway,2017,Surface area (thousand km2),386.194
578,Norway,2019,Population mid-year estimates (millions),5.3789
512,Oman,2005,Population mid-year estimates (millions),2.5113
512,Oman,2010,Population mid-year estimates (millions),3.0414
512,Oman,2017,Population mid-year estimates (millions),4.6659
512,Oman,2017,Surface area (thousand km2),309.5
512,Oman,2019,Population mid-year estimates (millions),4.975
158,Other non-specified areas,2005,Population mid-year estimates (millions),22.7057
158,Other non-specified areas,2010,Population mid-year estimates (millions),23.1876
158,Other non-specified areas,2019,Population mid-year estimates (millions),23.7739
586,Pakistan,2005,Population mid-year estimates (millions),160.304
586,Pakistan,2010,Population mid-year estimates (millions),179.4246
586,Pakistan,2017,Population mid-year estimates (millions),207.9062
586,Pakistan,2017,Surface area (thousand km2),796.095
586,Pakistan,2019,Population mid-year estimates (millions),216.5653
585,Palau,2005,Population mid-year estimates (millions),0.0199
585,Palau,2010,Population mid-year estimates (millions),0.0205
585,Palau,2016,Population mid-year estimates (millions),0.0215
585,Palau,2017,Population mid-year estimates (millions),0.0217
585,Palau,2017,Surface area (thousand km2),0.459
585,Palau,2019,Population mid-year estimates (millions),0.018
591,Panama,2005,Population mid-year estimates (millions),3.3302
591,Panama,2010,Population mid-year estimates (millions),3.6427
591,Panama,2017,Population mid-year estimates (millions),4.1068
591,Panama,2017,Surface area (thousand km2),75.32
591,Panama,2019,Population mid-year estimates (millions),4.2464
598,Papua New Guinea,2005,Population mid-year estimates (millions),6.4949
598,Papua New Guinea,2010,Population mid-year estimates (millions),7.3105
598,Papua New Guinea,2017,Population mid-year estimates (millions),8.438
598,Papua New Guinea,2017,Surface area (thousand km2),462.84
598,Papua New Guinea,2019,Population mid-year estimates (millions),8.7761
600,Paraguay,2005,Population mid-year estimates (millions),5.8241
600,Paraguay,2010,Population mid-year estimates (millions),6.248
600,Paraguay,2017,Population mid-year estimates (millions),6.8671
600,Paraguay,2017,Surface area (thousand km2),406.752
600,Paraguay,2019,Population mid-year estimates (millions),7.0446
604,Peru,2005,Population mid-year estimates (millions),27.8661
604,Peru,2010,Population mid-year estimates (millions),29.0277
604,Peru,2017,Population mid-year estimates (millions),31.4443
604,Peru,2017,Surface area (thousand km2),1285.216
604,Peru,2019,Population mid-year estimates (millions),32.5105
608,Philippines,2005,Population mid-year estimates (millions),86.3263
608,Philippines,2010,Population mid-year estimates (millions),93.9668
608,Philippines,2017,Population mid-year estimates (millions),105.1729
608,Philippines,2017,Surface area (thousand km2),300
608,Philippines,2019,Population mid-year estimates (millions),108.1166
616,Poland,2005,Population mid-year estimates (millions),38.3689
616,Poland,2010,Population mid-year estimates (millions),38.3298
616,Poland,2017,Population mid-year estimates (millions),37.9532
616,Poland,2017,Surface area (thousand km2),312.679
616,Poland,2019,Population mid-year estimates (millions),37.8878
620,Portugal,2005,Population mid-year estimates (millions),10.5085
620,Portugal,2010,Population mid-year estimates (millions),10.5961
620,Portugal,2017,Population mid-year estimates (millions),10.2885
620,Portugal,2017,Surface area (thousand km2),92.226
620,Portugal,2019,Population mid-year estimates (millions),10.2262
630,Puerto Rico,2005,Population mid-year estimates (millions),3.6319
630,Puerto Rico,2010,Population mid-year estimates (millions),3.5798
630,Puerto Rico,2017,Population mid-year estimates (millions),3.1637
630,Puerto Rico,2017,Surface area (thousand km2),8.868
630,Puerto Rico,2019,Population mid-year estimates (millions),2.9334
634,Qatar,2005,Population mid-year estimates (millions),0.8654
634,Qatar,2010,Population mid-year estimates (millions),1.8563
634,Qatar,2017,Population mid-year estimates (millions),2.7247
634,Qatar,2017,Surface area (thousand km2),11.607
634,Qatar,2019,Population mid-year estimates (millions),2.8321
410,Republic of Korea,2005,Population mid-year estimates (millions),48.7011
410,Republic of Korea,2010,Population mid-year estimates (millions),49.5456
410,Republic of Korea,2017,Population mid-year estimates (millions),51.0964
410,Republic of Korea,2017,Surface area (thousand km2),100.2839
410,Republic of Korea,2019,Population mid-year estimates (millions),51.2253
498,Republic of Moldova,2005,Population mid-year estimates (millions),4.1593
498,Republic of Moldova,2010,Population mid-year estimates (millions),4.0861
498,Republic of Moldova,2017,Population mid-year estimates (millions),4.0597
498,Republic of Moldova,2017,Surface area (thousand km2),33.846
498,Republic of Moldova,2019,Population mid-year estimates (millions),4.0433
638,Réunion,2005,Population mid-year estimates (millions),0.7916
638,Réunion,2010,Population mid-year estimates (millions),0.8305
638,Réunion,2017,Population mid-year estimates (millions),0.8761
638,Réunion,2017,Surface area (thousand km2),2.513
638,Réunion,2019,Population mid-year estimates (millions),0.8889
642,Romania,2005,Population mid-year estimates (millions),21.4173
642,Romania,2010,Population mid-year estimates (millions),20.4719
642,Romania,2017,Population mid-year estimates (millions),19.654
642,Romania,2017,Surface area (thousand km2),238.3907
642,Romania,2019,Population mid-year estimates (millions),19.3646
643,Russian Federation,2005,Population mid-year estimates (millions),143.6721
643,Russian Federation,2010,Population mid-year estimates (millions),143.4793
643,Russian Federation,2017,Population mid-year estimates (millions),145.5301
643,Russian Federation,2017,Surface area (thousand km2),17098.246
643,Russian Federation,2019,Population mid-year estimates (millions),145.8723
646,Rwanda,2005,Population mid-year estimates (millions),8.8402
646,Rwanda,2010,Population mid-year estimates (millions),10.0393
646,Rwanda,2017,Population mid-year estimates (millions),11.981
646,Rwanda,2017,Surface area (thousand km2),26.338
646,Rwanda,2019,Population mid-year estimates (millions),12.627
652,Saint Barthélemy,2005,Population mid-year estimates (millions),0.0086
652,Saint Barthélemy,2010,Population mid-year estimates (millions),0.0092
652,Saint Barthélemy,2019,Population mid-year estimates (millions),0.0098
654,Saint Helena,2005,Population mid-year estimates (millions),0.0043
654,Saint Helena,2010,Population mid-year estimates (millions),0.0042
654,Saint Helena,2017,Population mid-year estimates (millions),0.004
654,Saint Helena,2017,Surface area (thousand km2),0.308
654,Saint Helena,2019,Population mid-year estimates (millions),0.0061
659,Saint Kitts and Nevis,2000,Population mid-year estimates (millions),0.0454
659,Saint Kitts and Nevis,2005,Population mid-year estimates (millions),0.0486
659,Saint Kitts and Nevis,2010,Population mid-year estimates (millions),0.0514
659,Saint Kitts and Nevis,2011,Population mid-year estimates (millions),0.052
659,Saint Kitts and Nevis,2017,Population mid-year estimates (millions),0.0553
659,Saint Kitts and Nevis,2017,Surface area (thousand km2),0.261
659,Saint Kitts and Nevis,2019,Population mid-year estimates (millions),0.0528
662,Saint Lucia,2005,Population mid-year estimates (millions),0.1634
662,Saint Lucia,2010,Population mid-year estimates (millions),0.1741
662,Saint Lucia,2017,Population mid-year estimates (millions),0.181
662,Saint Lucia,2017,Surface area (thousand km2),0.539
662,Saint Lucia,2019,Population mid-year estimates (millions),0.1828
663,Saint Martin (French part),2005,Population mid-year estimates (millions),0.0342
663,Saint Martin (French part),2010,Population mid-year estimates (millions),0.0376
663,Saint Martin (French part),2019,Population mid-year estimates (millions),0.038
666,Saint Pierre and Miquelon,2005,Population mid-year estimates (millions),0.0063
666,Saint Pierre and Miquelon,2006,Population mid-year estimates (millions),0.0063
666,Saint Pierre and Miquelon,2010,Population mid-year estimates (millions),0.0063
666,Saint Pierre and Miquelon,2017,Population mid-year estimates (millions),0.0063
666,Saint Pierre and Miquelon,2017,Surface area (thousand km2),0.242
666,Saint Pierre and Miquelon,2019,Population mid-year estimates (millions),0.0058
670,Saint Vincent & Grenadines,2005,Population mid-year estimates (millions),0.1086
670,Saint Vincent & Grenadines,2010,Population mid-year estimates (millions),0.1083
670,Saint Vincent & Grenadines,2017,Population mid-year estimates (millions),0.1098
670,Saint Vincent & Grenadines,2017,Surface area (thousand km2),0.389
670,Saint Vincent & Grenadines,2019,Population mid-year estimates (millions),0.1106
882,Samoa,2005,Population mid-year estimates (millions),0.1797
882,Samoa,2010,Population mid-year estimates (millions),0.1859
882,Samoa,2017,Population mid-year estimates (millions),0.1954
882,Samoa,2017,Surface area (thousand km2),2.8418
882,Samoa,2019,Population mid-year estimates (millions),0.1971
674,San Marino,2004,Population mid-year estimates (millions),0.0289
674,San Marino,2005,Population mid-year estimates (millions),0.0292
674,San Marino,2010,Population mid-year estimates (millions),0.0311
674,San Marino,2015,Population mid-year estimates (millions),0.033
674,San Marino,2015,Surface area (thousand km2),0.061
674,San Marino,2017,Population mid-year estimates (millions),0.0334
674,San Marino,2017,Surface area (thousand km2),0.061
674,San Marino,2019,Population mid-year estimates (millions),0.0339
678,Sao Tome and Principe,2005,Population mid-year estimates (millions),0.1575
678,Sao Tome and Principe,2010,Population mid-year estimates (millions),0.1804
678,Sao Tome and Principe,2017,Population mid-year estimates (millions),0.2071
678,Sao Tome and Principe,2017,Surface area (thousand km2),0.964
678,Sao Tome and Principe,2019,Population mid-year estimates (millions),0.2151
682,Saudi Arabia,2005,Population mid-year estimates (millions),23.8162
682,Saudi Arabia,2010,Population mid-year estimates (millions),27.4215
682,Saudi Arabia,2017,Population mid-year estimates (millions),33.1012
682,Saudi Arabia,2017,Surface area (thousand km2),2206.714
682,Saudi Arabia,2019,Population mid-year estimates (millions),34.2685
686,Senegal,2005,Population mid-year estimates (millions),11.0901
686,Senegal,2010,Population mid-year estimates (millions),12.6781
686,Senegal,2017,Population mid-year estimates (millions),15.4194
686,Senegal,2017,Surface area (thousand km2),196.712
686,Senegal,2019,Population mid-year estimates (millions),16.2964
688,Serbia,2005,Population mid-year estimates (millions),9.1938
688,Serbia,2010,Population mid-year estimates (millions),8.9913
688,Serbia,2017,Population mid-year estimates (millions),8.8296
688,Serbia,2017,Surface area (thousand km2),88.499
688,Serbia,2019,Population mid-year estimates (millions),8.7722
690,Seychelles,2005,Population mid-year estimates (millions),0.0886
690,Seychelles,2010,Population mid-year estimates (millions),0.0913
690,Seychelles,2017,Population mid-year estimates (millions),0.0964
690,Seychelles,2017,Surface area (thousand km2),0.457
690,Seychelles,2019,Population mid-year estimates (millions),0.0977
694,Sierra Leone,2005,Population mid-year estimates (millions),5.6456
694,Sierra Leone,2010,Population mid-year estimates (millions),6.4156
694,Sierra Leone,2017,Population mid-year estimates (millions),7.4884
694,Sierra Leone,2017,Surface area (thousand km2),72.3
694,Sierra Leone,2019,Population mid-year estimates (millions),7.8132
702,Singapore,2005,Population mid-year estimates (millions),4.2657
702,Singapore,2010,Population mid-year estimates (millions),5.1312
702,Singapore,2017,Population mid-year estimates (millions),5.708
702,Singapore,2017,Surface area (thousand km2),0.719
702,Singapore,2019,Population mid-year estimates (millions),5.8043
534,Sint Maarten (Dutch part),2005,Population mid-year estimates (millions),0.0325
534,Sint Maarten (Dutch part),2010,Population mid-year estimates (millions),0.0331
534,Sint Maarten (Dutch part),2013,Population mid-year estimates (millions),0.0364
534,Sint Maarten (Dutch part),2013,Surface area (thousand km2),0.034
534,Sint Maarten (Dutch part),2014,Population mid-year estimates (millions),0.0377
534,Sint Maarten (Dutch part),2014,Surface area (thousand km2),0.034
534,Sint Maarten (Dutch part),2017,Population mid-year estimates (millions),0.0401
534,Sint Maarten (Dutch part),2017,Surface area (thousand km2),0.034
534,Sint Maarten (Dutch part),2019,Population mid-year estimates (millions),0.0424
703,Slovakia,2005,Population mid-year estimates (millions),5.399
703,Slovakia,2010,Population mid-year estimates (millions),5.4043
703,Slovakia,2017,Population mid-year estimates (millions),5.4479
703,Slovakia,2017,Surface area (thousand km2),49.035
703,Slovakia,2019,Population mid-year estimates (millions),5.457
705,Slovenia,2005,Population mid-year estimates (millions),1.995
705,Slovenia,2010,Population mid-year estimates (millions),2.0433
705,Slovenia,2017,Population mid-year estimates (millions),2.0764
705,Slovenia,2017,Surface area (thousand km2),20.273
705,Slovenia,2019,Population mid-year estimates (millions),2.0787
90,Solomon Islands,2005,Population mid-year estimates (millions),0.4699
90,Solomon Islands,2010,Population mid-year estimates (millions),0.5279
90,Solomon Islands,2017,Population mid-year estimates (millions),0.636
90,Solomon Islands,2017,Surface area (thousand km2),28.896
90,Solomon Islands,2019,Population mid-year estimates (millions),0.6698
706,Somalia,2005,Population mid-year estimates (millions),10.4469
706,Somalia,2010,Population mid-year estimates (millions),12.0439
706,Somalia,2017,Population mid-year estimates (millions),14.5892
706,Somalia,2017,Surface area (thousand km2),637.657
706,Somalia,2019,Population mid-year estimates (millions),15.4429
710,South Africa,2005,Population mid-year estimates (millions),47.8806
710,South Africa,2010,Population mid-year estimates (millions),51.217
710,South Africa,2017,Population mid-year estimates (millions),57.0098
710,South Africa,2017,Surface area (thousand km2),1221.037
710,South Africa,2019,Population mid-year estimates (millions),58.5583
728,South Sudan,2005,Population mid-year estimates (millions),7.5359
728,South Sudan,2010,Population mid-year estimates (millions),9.5084
728,South Sudan,2017,Population mid-year estimates (millions),10.9108
728,South Sudan,2017,Surface area (thousand km2),658.841
728,South Sudan,2019,Population mid-year estimates (millions),11.0621
724,Spain,2005,Population mid-year estimates (millions),44.0191
724,Spain,2010,Population mid-year estimates (millions),46.931
724,Spain,2017,Population mid-year estimates (millions),46.6474
724,Spain,2017,Surface area (thousand km2),505.944
724,Spain,2019,Population mid-year estimates (millions),46.7368
144,Sri Lanka,2005,Population mid-year estimates (millions),19.545
144,Sri Lanka,2010,Population mid-year estimates (millions),20.2617
144,Sri Lanka,2017,Population mid-year estimates (millions),21.128
144,Sri Lanka,2017,Surface area (thousand km2),65.61
144,Sri Lanka,2019,Population mid-year estimates (millions),21.3237
275,State of Palestine,2005,Population mid-year estimates (millions),3.578
275,State of Palestine,2010,Population mid-year estimates (millions),4.0556
275,State of Palestine,2017,Population mid-year estimates (millions),4.7472
275,State of Palestine,2017,Surface area (thousand km2),6.02
275,State of Palestine,2019,Population mid-year estimates (millions),4.9814
729,Sudan,2005,Population mid-year estimates (millions),30.9495
729,Sudan,2010,Population mid-year estimates (millions),34.545
729,Sudan,2019,Population mid-year estimates (millions),42.8132
740,Suriname,2005,Population mid-year estimates (millions),0.4995
740,Suriname,2010,Population mid-year estimates (millions),0.5291
740,Suriname,2017,Population mid-year estimates (millions),0.5705
740,Suriname,2017,Surface area (thousand km2),163.82
740,Suriname,2019,Population mid-year estimates (millions),0.5814
752,Sweden,2005,Population mid-year estimates (millions),9.0386
752,Sweden,2010,Population mid-year estimates (millions),9.3902
752,Sweden,2017,Population mid-year estimates (millions),9.9049
752,Sweden,2017,Surface area (thousand km2),438.574
752,Sweden,2019,Population mid-year estimates (millions),10.0364
756,Switzerland,2005,Population mid-year estimates (millions),7.3868
756,Switzerland,2010,Population mid-year estimates (millions),7.8087
756,Switzerland,2017,Population mid-year estimates (millions),8.4558
756,Switzerland,2017,Surface area (thousand km2),41.291
756,Switzerland,2019,Population mid-year estimates (millions),8.5914
760,Syrian Arab Republic,2005,Population mid-year estimates (millions),18.3612
760,Syrian Arab Republic,2010,Population mid-year estimates (millions),21.3625
760,Syrian Arab Republic,2017,Population mid-year estimates (millions),17.0957
760,Syrian Arab Republic,2017,Surface area (thousand km2),185.18
760,Syrian Arab Republic,2019,Population mid-year estimates (millions),17.0701
762,Tajikistan,2005,Population mid-year estimates (millions),6.7893
762,Tajikistan,2010,Population mid-year estimates (millions),7.5274
762,Tajikistan,2017,Population mid-year estimates (millions),8.8803
762,Tajikistan,2017,Surface area (thousand km2),142.6
762,Tajikistan,2019,Population mid-year estimates (millions),9.321
764,Thailand,2005,Population mid-year estimates (millions),65.4162
764,Thailand,2010,Population mid-year estimates (millions),67.195
764,Thailand,2017,Population mid-year estimates (millions),69.2098
764,Thailand,2017,Surface area (thousand km2),513.12
764,Thailand,2019,Population mid-year estimates (millions),69.6256
626,Timor-Leste,2005,Population mid-year estimates (millions),0.9951
626,Timor-Leste,2010,Population mid-year estimates (millions),1.0935
626,Timor-Leste,2017,Population mid-year estimates (millions),1.2433
626,Timor-Leste,2017,Surface area (thousand km2),14.919
626,Timor-Leste,2019,Population mid-year estimates (millions),1.2931
768,Togo,2005,Population mid-year estimates (millions),5.6116
768,Togo,2010,Population mid-year estimates (millions),6.4217
768,Togo,2017,Population mid-year estimates (millions),7.6985
768,Togo,2017,Surface area (thousand km2),56.785
768,Togo,2019,Population mid-year estimates (millions),8.0824
772,Tokelau,2001,Population mid-year estimates (millions),0.0015
772,Tokelau,2005,Population mid-year estimates (millions),0.0012
772,Tokelau,2006,Population mid-year estimates (millions),0.0012
772,Tokelau,2010,Population mid-year estimates (millions),0.0011
772,Tokelau,2016,Population mid-year estimates (millions),0.0013
772,Tokelau,2017,Population mid-year estimates (millions),0.0013
772,Tokelau,2017,Surface area (thousand km2),0.012
772,Tokelau,2019,Population mid-year estimates (millions),0.0013
776,Tonga,2005,Population mid-year estimates (millions),0.1009
776,Tonga,2010,Population mid-year estimates (millions),0.104
776,Tonga,2017,Population mid-year estimates (millions),0.102
776,Tonga,2017,Surface area (thousand km2),0.747
776,Tonga,2019,Population mid-year estimates (millions),0.1045
780,Trinidad and Tobago,2005,Population mid-year estimates (millions),1.2965
780,Trinidad and Tobago,2010,Population mid-year estimates (millions),1.3281
780,Trinidad and Tobago,2017,Population mid-year estimates (millions),1.3841
780,Trinidad and Tobago,2017,Surface area (thousand km2),5.127
780,Trinidad and Tobago,2019,Population mid-year estimates (millions),1.395
788,Tunisia,2005,Population mid-year estimates (millions),10.1068
788,Tunisia,2010,Population mid-year estimates (millions),10.6352
788,Tunisia,2017,Population mid-year estimates (millions),11.4334
788,Tunisia,2017,Surface area (thousand km2),163.61
788,Tunisia,2019,Population mid-year estimates (millions),11.6947
792,Turkey,2005,Population mid-year estimates (millions),67.9035
792,Turkey,2010,Population mid-year estimates (millions),72.327
792,Turkey,2017,Population mid-year estimates (millions),81.1165
792,Turkey,2017,Surface area (thousand km2),783.562
792,Turkey,2019,Population mid-year estimates (millions),83.4296
795,Turkmenistan,2005,Population mid-year estimates (millions),4.7546
795,Turkmenistan,2010,Population mid-year estimates (millions),5.0872
795,Turkmenistan,2017,Population mid-year estimates (millions),5.7577
795,Turkmenistan,2017,Surface area (thousand km2),488.1
795,Turkmenistan,2019,Population mid-year estimates (millions),5.9421
796,Turks and Caicos Islands,2001,Population mid-year estimates (millions),0.0202
796,Turks and Caicos Islands,2005,Population mid-year estimates (millions),0.0264
796,Turks and Caicos Islands,2010,Population mid-year estimates (millions),0.031
796,Turks and Caicos Islands,2017,Population mid-year estimates (millions),0.0354
796,Turks and Caicos Islands,2017,Surface area (thousand km2),0.9482
796,Turks and Caicos Islands,2019,Population mid-year estimates (millions),0.0382
798,Tuvalu,2002,Population mid-year estimates (millions),0.0096
798,Tuvalu,2005,Population mid-year estimates (millions),0.01
798,Tuvalu,2010,Population mid-year estimates (millions),0.0105
798,Tuvalu,2016,Population mid-year estimates (millions),0.0111
798,Tuvalu,2017,Population mid-year estimates (millions),0.0112
798,Tuvalu,2017,Surface area (thousand km2),0.026
798,Tuvalu,2019,Population mid-year estimates (millions),0.0116
800,Uganda,2005,Population mid-year estimates (millions),27.6846
800,Uganda,2010,Population mid-year estimates (millions),32.4282
800,Uganda,2017,Population mid-year estimates (millions),41.1666
800,Uganda,2017,Surface area (thousand km2),241.55
800,Uganda,2019,Population mid-year estimates (millions),44.2696
804,Ukraine,2005,Population mid-year estimates (millions),46.8908
804,Ukraine,2010,Population mid-year estimates (millions),45.7921
804,Ukraine,2017,Population mid-year estimates (millions),44.4877
804,Ukraine,2017,Surface area (thousand km2),603.5
804,Ukraine,2019,Population mid-year estimates (millions),43.9936
784,United Arab Emirates,2005,Population mid-year estimates (millions),4.5882
784,United Arab Emirates,2010,Population mid-year estimates (millions),8.55
784,United Arab Emirates,2017,Population mid-year estimates (millions),9.4872
784,United Arab Emirates,2017,Surface area (thousand km2),83.6
784,United Arab Emirates,2019,Population mid-year estimates (millions),9.7705
826,United Kingdom,2005,Population mid-year estimates (millions),60.288
826,United Kingdom,2010,Population mid-year estimates (millions),63.4598
826,United Kingdom,2017,Population mid-year estimates (millions),66.7275
826,United Kingdom,2017,Surface area (thousand km2),242.495
826,United Kingdom,2019,Population mid-year estimates (millions),67.5302
834,United Rep. of Tanzania,2005,Population mid-year estimates (millions),38.4503
834,United Rep. of Tanzania,2010,Population mid-year estimates (millions),44.3465
834,United Rep. of Tanzania,2017,Population mid-year estimates (millions),54.6603
834,United Rep. of Tanzania,2017,Surface area (thousand km2),947.303
834,United Rep. of Tanzania,2019,Population mid-year estimates (millions),58.0055
840,United States of America,2005,Population mid-year estimates (millions),294.9935
840,United States of America,2010,Population mid-year estimates (millions),309.0115
840,United States of America,2017,Population mid-year estimates (millions),325.0848
840,United States of America,2017,Surface area (thousand km2),9833.5168
840,United States of America,2019,Population mid-year estimates (millions),329.0649
850,United States Virgin Islands,2005,Population mid-year estimates (millions),0.1078
850,United States Virgin Islands,2010,Population mid-year estimates (millions),0.1061
850,United States Virgin Islands,2017,Population mid-year estimates (millions),0.1048
850,United States Virgin Islands,2017,Surface area (thousand km2),0.347
850,United States Virgin Islands,2019,Population mid-year estimates (millions),0.1046
858,Uruguay,2005,Population mid-year estimates (millions),3.3218
858,Uruguay,2010,Population mid-year estimates (millions),3.3593
858,Uruguay,2017,Population mid-year estimates (millions),3.4366
858,Uruguay,2017,Surface area (thousand km2),173.626
858,Uruguay,2019,Population mid-year estimates (millions),3.4617
860,Uzbekistan,2005,Population mid-year estimates (millions),26.4278
860,Uzbekistan,2010,Population mid-year estimates (millions),28.5159
860,Uzbekistan,2017,Population mid-year estimates (millions),31.9598
860,Uzbekistan,2017,Surface area (thousand km2),448.969
860,Uzbekistan,2019,Population mid-year estimates (millions),32.9817
548,Vanuatu,2005,Population mid-year estimates (millions),0.2093
548,Vanuatu,2010,Population mid-year estimates (millions),0.2362
548,Vanuatu,2017,Population mid-year estimates (millions),0.2855
548,Vanuatu,2017,Surface area (thousand km2),12.189
548,Vanuatu,2019,Population mid-year estimates (millions),0.2999
862,Venezuela (Boliv. Rep. of),2005,Population mid-year estimates (millions),26.4324
862,Venezuela (Boliv. Rep. of),2010,Population mid-year estimates (millions),28.4399
862,Venezuela (Boliv. Rep. of),2017,Population mid-year estimates (millions),29.4025
862,Venezuela (Boliv. Rep. of),2017,Surface area (thousand km2),912.05
862,Venezuela (Boliv. Rep. of),2019,Population mid-year estimates (millions),28.5158
704,Viet Nam,2005,Population mid-year estimates (millions),83.8327
704,Viet Nam,2010,Population mid-year estimates (millions),87.9677
704,Viet Nam,2017,Population mid-year estimates (millions),94.6006
704,Viet Nam,2017,Surface area (thousand km2),330.967
704,Viet Nam,2019,Population mid-year estimates (millions),96.4621
876,Wallis and Futuna Islands,2003,Population mid-year estimates (millions),0.0147
876,Wallis and Futuna Islands,2005,Population mid-year estimates (millions),0.0146
876,Wallis and Futuna Islands,2008,Population mid-year estimates (millions),0.014
876,Wallis and Futuna Islands,2010,Population mid-year estimates (millions),0.0134
876,Wallis and Futuna Islands,2016,Population mid-year estimates (millions),0.0119
876,Wallis and Futuna Islands,2017,Population mid-year estimates (millions),0.0118
876,Wallis and Futuna Islands,2017,Surface area (thousand km2),0.142
876,Wallis and Futuna Islands,2019,Population mid-year estimates (millions),0.0114
732,Western Sahara,2005,Population mid-year estimates (millions),0.4375
732,Western Sahara,2010,Population mid-year estimates (millions),0.4803
732,Western Sahara,2017,Population mid-year estimates (millions),0.5526
732,Western Sahara,2017,Surface area (thousand km2),266
732,Western Sahara,2019,Population mid-year estimates (millions),0.5825
887,Yemen,2005,Population mid-year estimates (millions),20.1074
887,Yemen,2010,Population mid-year estimates (millions),23.1549
887,Yemen,2017,Population mid-year estimates (millions),27.8348
887,Yemen,2017,Surface area (thousand km2),527.968
887,Yemen,2019,Population mid-year estimates (millions),29.1619
894,Zambia,2005,Population mid-year estimates (millions),11.8562
894,Zambia,2010,Population mid-year estimates (millions),13.606
894,Zambia,2017,Population mid-year estimates (millions),16.8536
894,Zambia,2017,Surface area (thousand km2),752.612
894,Zambia,2019,Population mid-year estimates (millions),17.861
716,Zimbabwe,2005,Population mid-year estimates (millions),12.0767
716,Zimbabwe,2010,Population mid-year estimates (millions),12.6977
716,Zimbabwe,2017,Population mid-year estimates (millions),14.2366
716,Zimbabwe,2017,Surface area (thousand km2),390.757
716,Zimbabwe,2019,Population mid-year estimates (millions),14.6455
